12,0,盈利1.8走了，早盘小急拉然后0轴附近来来回回，感觉没意思就跑了，尾盘下杀也是意,茳茳BOT,05-31 08:38
1946,4,啤酒概念涨1.14%，主力资金净流入13股,乐惠国际资讯,05-28 04:34
446,12,今天缩量上车了，明天缩量低开，直接打满，目标81,起猛哥,05-29 05:22
1023,3,啤酒旺季前瞻：库存回暖与新增长密码,扫地僧司马懿,05-30 04:35
39,0,青岛啤酒：融资净偿还243.67万元，融资余额3.08亿元（05-30）,青岛啤酒资讯,05-31 07:47
382,1,夏天马上到了，男人会喝更多的啤酒嘛？,平凡小股民,05-29 12:56
156,2,鬼打尾！,远景讲股,05-30 03:58
86,2,怎么不跌了,一鸣惊人de腊梅,05-30 09:32
289,6,今天居然有解禁股，没留意到,起猛哥,05-30 01:31
111,0,早盘虽然-0.1止损，去了别的地方也吃面了，相当于没换。。。,茳茳BOT,05-30 03:33
290,2,未来十二个月内继续增持股份或处置已拥有权益股份的计划根据信息披露义务人的控股股东,黄金矿工1,05-28 01:03
197,3,真有解禁。。。,卡纳罗,05-30 02:06
176,3,这是不是高开低走？接下来是短期震荡完了拉升，还是直接结束啤酒的行情,股友Q080862C53,05-30 09:47
91,0,费，，物,我是正能量导师,05-30 01:25
81,0,国家品牌的使用方法,桀骜不驯的唯品会,05-30 11:36
102,1,跌才好加仓,起猛哥,05-30 09:48
99,3,今天又是跌的一天,股友Q080862C53,05-30 09:15
47,0,夏天到，啤酒搞起,聪明的寒叶铃8,05-30 09:33
62,2,今天涨停就行,勇敢的邱优6,05-30 09:06
64,0,青岛啤酒：融资净买入433.84万元，融资余额3.1亿元（05-29）,青岛啤酒资讯,05-30 07:52
152,0,昨天76.06清仓回血1.1万，正确！,解套奔光明111,05-30 12:43
238,4,[图片],股友iWWHhT,05-29 10:16
119,0,今天缩量，洗盘，明天，下周要起飞了，目标88元,股友E2YvSY5314,05-29 05:00
103,0,最近总是后知后觉的,股友305gq21523,05-29 04:58
194,3,都夏天了，你还想干嘛,股友UhehhQ,05-29 02:51
110,1,昨天买了，爽吗？,股友663d5P6690,05-29 10:41
98,1,已清仓，明天d停,聪明的姜霄17,05-29 11:51
93,0,可能还要探一次底。,支持中医药,05-29 03:19
210,5,重庆已经翻红了，就看你是不是个人了。,股市哀人,05-29 01:15
103,1,下午或有小拉升，难说翻红,茳茳BOT,05-29 12:45
76,0,不能勇猛的涨，你就痛快的跌。,温暖的哥博弘1,05-29 02:23
87,0,三天就调整，这是坏水的规律。,股友dUG7ej,05-29 01:13
106,1,已清仓，赚了！早知道昨天跑了，你们留下的发财！等倒车时，我再来，再见！,无可奈何的大韭菜,05-29 12:10
85,0,你这个，非，物！！买了你，真是倒霉了！！！！,我是正能量导师,05-29 11:36
364,1,青岛啤酒场外个股期权下单思路,期权教官Tom,05-29 10:44
441,8,青岛啤酒的黄酒马上大卖，开始一字板你们想买都没机会,红了红火了火,05-28 10:46
96,0,解禁股还是不要碰的好,股友e89l225206,05-29 10:33
82,0,啊不要在装了赶快上去吧,股友iWWHhT,05-29 10:11
88,0,你是啤酒么？我是买你的黄酒么,醋香帅,05-29 10:05
93,0,我都不敢相信自己的眼睛,不许牛逼罪,05-29 09:58
43414,83,龙头三连板！这一“新消费”细分赛道火热！,XD会稽山资讯,05-28 06:39
39,0,没主力拉了。要等一年了？,股友Q080862C53,05-29 09:51
59,0,你太天聊啦，让大家怎么器重你，脱脱一个伤害股民的秧子。,斐然满腹得文泰来,05-29 09:48
59,0,垃圾,股友UhehhQ,05-29 09:41
4028,8,跑赢AI、机器人等热门赛道，黄酒板块缘何逆袭爆火？,XD会稽山资讯,05-28 09:38
58,0,青岛啤酒：连续4日融资净偿还累计3503.19万元（05-28）,青岛啤酒资讯,05-29 07:51
163,0,燕京啤酒创了新高，青岛啤酒上次71元见底后，目前强势反弹快10％，后面还会继续，,广西南宁人o,05-28 11:37
938,18,青岛啤酒600600.青岛啤酒这两天为什么拉升？即墨黄酒吗？很多人不知道吧，他收,股友7197307x5Q,05-28 04:17
115,2,不喝白酒了，难道都去喝你了？,价投螺丝钉,05-28 02:35
4038,6,研报点睛：逆势走强！关注两条主线,科拓生物资讯,05-27 06:06
420,4,今天的成交量居然比上次81的高点成交量还要大，什么情况？市场发现你买黄酒了？,不许牛逼罪,05-28 03:08
180,0,青岛旅游环境要加强管理，青岛是没有古文化的城市，是新兴城市，应该更利于管理，希望,北冥有鱼8888,05-28 06:21
133,0,26世界杯，啤酒必然爆涨！,我是正能量导师,05-28 05:34
519,2,港股已经牛市，车界恒大到底是谁？,满仓日记,05-28 04:11
119,1,$青岛啤酒(SH600600)$,伤官至尊月上玄,05-28 04:07
128,1,那个山什么情况？质地比青岛还好吗？怎么涨个不停？,股市哀人,05-28 01:34
95,1,还是啤酒好，不受限酒令影响，啤酒不是酒,不满仓聊财经,05-28 02:54
104,1,这周破八十吗,股友3162g013D6,05-28 10:25
281,4,还好75.80赚了点卖了，还以为卖飞了,晚枫S,05-28 10:54
96,0,5月29号，低开高走,马路的乞丐,05-28 02:52
85,0,垃圾无戏！,热潜1号2702,05-28 02:48
88,0,跳水了，明天又开始下跌模式,顶峰相见如故,05-28 02:46
105,0,伤心伤心，渣男,小高是韭菜,05-28 02:46
73,0,解禁了,股市漫漫亦灿烂,05-28 02:46
121,2,卖飞了,郑悟多,05-28 02:22
166,5,74.5卖飞了，求安慰,专业股民笨笨,05-28 10:02
74,0,？,中证的小旋风,05-28 02:22
41,0,先跑了,股友13310ZM713,05-28 02:17
76,0,76.05清仓了回血1.1万,解套奔光明111,05-28 02:12
134,1,妖股,股友k197091z37,05-28 01:56
111,1,坚持，海尔，青啤。,美好的卫丽3,05-28 01:52
3692,4,黄酒、啤酒、鸡尾酒 板块全线大涨,XD会稽山资讯,05-28 12:45
90,0,冲个80可好,股友2c96553v65,05-28 01:40
6954,14,黄酒股市值榜首易主：行业生态加速演变 高端化仍在探索,XD会稽山资讯,05-28 06:49
274,0,有点抢筹的意思,股友Q65n993103,05-28 01:37
194,3,还得是燕京啤酒，青岛就是个小垃圾,顶峰相见如故,05-28 11:11
87,0,只能说机构反应过来啤酒也是饮料了,小牛浓浓的味道,05-28 01:26
79,0,自选多年多年不看,海海仔1,05-28 01:15
91,0,gaga代言了吧,爵命毒师L,05-28 12:47
294,6,十万股卖在73元少赚近十万元！,股友VRRdyg,05-27 10:18
130,1,观望吧，明天缩量就上,起猛哥,05-28 04:57
172,5,夏天夏天夏天啤酒啤酒啤酒来了来了来了！,解套奔光明111,05-27 02:44
147,2,今天不会最高位就是76.10吧。不会接下来就跌吧？,股友Q080862C53,05-28 10:46
86,0,和重庆谁涨的多一点,SHR涅槃重生,05-28 11:35
81,0,拉起!,股友13310ZM713,05-28 11:26
98,2,还是你强，重庆跟吃了泻药一样,SHR涅槃重生,05-28 10:51
148,3,高考结束后，放暑假了，亲子游，夜宵，度假游，饮料酒类上量！,狠心的车辰希1,05-28 10:12
87,0,垃圾大盘股2个点到头了，与协创数据2选1买了你，脑袋进水了。草！,热潜1号2702,05-28 10:53
97,0,这个尿啤如果涨肯定会顺着5日线，如果超过了5日线肯定回调，追高一定被套。,股友958D1X3301,05-28 10:52
93,1,认载服输！！！,股友VRRdyg,05-28 10:28
97,2,涨停的节奏,股友iWWHhT,05-28 10:15
80,0,这一上一下的，心电图,股友13310ZM713,05-28 10:45
72,0,主力已进入,基民6tXVBH,05-28 10:44
85,0,兄弟们，我过来了,茳茳BOT,05-28 10:34
128,4,今天应该来个涨停吧‼,股友2c96553v65,05-28 10:03
73,0,$青岛啤酒(SH600600)$,股友6089835L5O,05-28 10:31
77,0,好猛，这两天这是咋了,股友HOUHgQ,05-28 10:28
76,0,大盘跳水了，我不卖你，你可以要给我顶住了OK？,不许牛逼罪,05-28 10:26
91,1,啤酒个个刷新高，你这鸟样？？？？？,n730013427463394,05-28 10:03
237,4,我看看怎么事儿。,stalkerwang,05-27 03:17
790,4,斥资6.65亿元溢价收购，青岛啤酒赔钱赚吆喝？,懂酒谛,05-21 03:03
4190,2,观酒周报｜会稽山连续涨停市值破百亿大关；4月全国白酒产量两位数下滑；姜宗祥当选青啤新一届董事长,XD会稽山资讯,05-26 10:52
198,1,黄酒大涨啤酒小涨收了黄酒的啤酒天天跌逻辑是？,股友TKqmAP,05-27 10:15
671,0,消费参考丨滔搏自救：耐克销售下滑，其他品牌能跟上吗？,滔搏资讯,05-28 07:56
65,0,青岛啤酒：连续3日融资净偿还累计1372.53万元（05-27）,青岛啤酒资讯,05-28 07:37
2203,1,10.06亿元主力资金今日抢筹食品饮料板块,交大昂立资讯,05-27 07:33
137,0,青岛千亿巨头，6亿买下黄酒厂,股友Tmac,05-27 06:59
228,0,明天开始8连板，黄酒股要起飞了，青岛啤酒积极拓展非啤酒业务跨产业布局，推动多元化,红了红火了火,05-27 06:55
116,0,不和永辉联合打造自有品牌？,股友M28t551617,05-27 06:35
109,0,啥时候分红啊,股友13310ZM713,05-27 06:02
108,0,厂里有小麦原料吗？,红色短线客,05-27 05:51
125,1,板块开始赶顶了，青啤是在空头趋势里的反抽，调整目标位66元,灵活的胖头鱼,05-27 03:57
3958,23,青岛啤酒600600青岛应该是见底了，缩量回踩年线后开始放量反弹。燕京和重庆也都,轻松的吴楠莉,05-27 10:44
2799,4,华泰证券：看好大众品龙头价值重估及新消费崛起驱动行情,伊利股份资讯,05-27 12:38
119,0,10派22，一手220,爱自己爱市场,05-27 04:06
101,0,套的人太多了，必须再涨涨，洗出去，再涨,爱自己爱市场,05-27 04:05
148,1,9.5万股比我还少5000股！这也叫解禁股份！小儿科都不是！,股友VRRdyg,05-26 07:11
57,1,可以跑了,股友13310ZM713,05-27 01:35
83,0,上海证券维持青岛啤酒买入评级 预计2025年净利润同比增长10.89%,公司研报提示,05-27 03:14
90,0,地摊经济？夏天大裤衩子+啤酒+小龙虾+烤串，,多思考一下,05-27 03:04
95,0,溜了溜了后面会怎么样呢，管他的,小高是韭菜,05-27 03:02
103,1,主升起爆点！！！,非著名耐心资本,05-27 02:15
1181,2,青啤2024年年度股东会点评：“五新”战略引领，开辟增长空间,青岛啤酒资讯,05-27 10:14
87,0,你已经自废武功了,股友M3GOwU,05-27 01:32
524,0,上海证券给予青岛啤酒买入评级，青啤2024年年度股东会点评：“五新”战略引领，开辟增长空间,青岛啤酒资讯,05-27 11:01
395,9,我成本73以上，一看72，以为回本了，准备卖。这下子，可能跌破70,愿赌服输188,05-26 10:55
204,1,夏天夏天夏天啤酒来了来了来了，看到89,解套奔光明111,05-26 10:16
160,2,纠结中，最后选择了再等等,白酒是种信仰,05-26 03:07
88,0,气泡黄酒哪家强，当然不是你,股友M3GOwU,05-27 10:32
83,0,你想怎么表演就怎么表演吧,股友M3GOwU,05-27 10:23
104,0,还是涨不过燕京，会稽山，古越，珠江，金枫，啤酒黄酒里最差,股友0922569Ea1,05-27 10:23
70,0,永远是,股友M3GOwU,05-27 10:17
78,0,垃圾垃圾垃圾,要一路发发,05-27 10:16
71,0,擦,要一路发发,05-27 10:15
76,0,垃圾,股友73Nl969703,05-27 10:12
85,0,会稽山涨停创新高了,股友M3GOwU,05-27 10:06
84,0,哈，这是沾了黄酒的光？,弗兰克668,05-27 10:04
501,4,青岛啤酒9.5万限售股将于5月30日上市流通,青岛啤酒资讯,05-26 05:15
70,0,青岛啤酒：融资净偿还39.25万元，融资余额3.38亿元（05-26）,青岛啤酒资讯,05-27 07:51
180,0,跌跌不休，再跌一下就再买一些。小仓位玩一下。,股友78q2x08235,05-26 10:48
83,1,青岛啤酒:青岛啤酒股份有限公司关于A股限制性股票激励计划预留授予限制性股票第三个解除限售期解锁暨上市公告,青岛啤酒资讯,05-26 04:55
168,0,你这，邋，急,我是正能量导师,05-26 09:01
110,1,大盘股这几个月有比它跌的周期更长的吗？,vjchris,05-26 11:44
96,1,机构天天推荐，肯定下跌。,蓝天的盛顺昊,05-26 11:23
55,0,青岛啤酒:北京市海问律师事务所关于青岛啤酒股份有限公司A股限制性股票激励计划预留授予限制性股票第三个解除限售期解除限售相关事项的法律意见书,青岛啤酒资讯,05-26 04:59
117,0,阔以啊，今天抄了个低点可惜涨的不多明儿爆发一下就涨5个点就走,基民jRsgkQ,05-26 03:16
96,0,可以干了,微风丬,05-26 03:01
208,2,招商证券维持青岛啤酒强烈推荐评级 目标价89元,公司研报提示,05-26 01:09
90,0,如此阴跌走势，会持续到何日？跌破前低，回到60元左右？,中国股市老韭菜,05-26 01:52
102,1,周线7连阴，666,资本管理大师,05-26 09:43
108,1,再这么跌下去，了吗，你是茅台还是五粮液？你够资格跟白酒相提并论吗，74.5,翻滚吧新仔,05-26 12:35
78,0,今天肯定红,平安健康518,05-26 01:03
98,0,抄底咯，机会难得，明天开始主升,非著名耐心资本,05-26 11:42
91,0,78进来的，越来越低了。,哆啦A梦来炒股,05-26 11:31
81,1,资金能不能高低切来这边？,望江而上三千尺,05-26 11:10
83,0,75的本怎办呀？,西村老男孩,05-26 11:17
129,1,重啤与青啤被市场淘汰了么为什么，走出了快退市的节奏捂脸其他啤酒都创新高了，我大福,Q秋天的落叶,05-26 10:27
330,0,啤酒、饮料攻防战：互相卷进对方的赛道｜新酒饮变局,指数增强小霸王,05-26 10:21
80,0,傻了,股友EvoN2d,05-26 10:13
76,0,气笑了,不许牛逼罪,05-26 10:08
79,0,没买的不要买，买的耗死它,股友M3GOwU,05-26 10:03
87,0,整个板块就你绿好意思吗,耐心的白小达,05-26 09:56
78,0,垃圾,股友UhehhQ,05-26 09:54
80,0,……,股友UhehhQ,05-26 09:54
80,0,卖完就涨，恭喜发财,非著名耐心资本,05-26 09:54
82,0,丢你,n1413987047c87308707,05-26 09:44
21868,21,多只芯片个股获上调评级！消费个股获机构密集关注,贵州茅台资讯,05-24 12:57
89,0,懒得骂这了,股友M3GOwU,05-26 09:37
82,0,草地一片！还有个妈妈。,锦荷包,05-26 09:36
81,0,板块逆子，,pankey2019,05-26 09:33
222,1,这波如果跌破66，短期就别碰了。能支撑住的话可以做个小波段,股友30726xL501,05-25 10:26
332,2,2505232306,小高是韭菜,05-23 11:06
74,0,青岛啤酒本周融资净买入491.92万元，居酿酒行业板块第十一,大眼看两融,05-25 03:07
381,4,67的本，啥时候能回本。,刘庆海,05-23 06:29
195,0,没有止跌吗？这个票,股友e92691C013,05-25 10:02
289,0,快消食品类为啥不补贴，小家电都有补贴吧。这根正苗红的正港消费股倒没人来金融市场消,小体胖,05-25 12:23
282,7,啤酒在摊上喝，禁酒令不妨碍，况且每人一碟花生米十个烤串就够十瓶,北冥有鱼8888,05-23 09:38
192,1,这么玩就真走了，没劲,股友Bu9Zdh,05-23 05:12
223,3,禁酒令你一个大米果汁也跟风,懂的不多de香豌豆,05-23 12:25
334,0,这就是国际影响力，满上，干就完了！,我姓刘我属牛,05-24 03:14
76,0,青岛啤酒：融资净偿还271.6万元，融资余额3.38亿元（05-23）,青岛啤酒资讯,05-24 07:39
275,0,这些股的周期都比较长，上涨和下跌周期都一样，不知道到多少才拐头向上。,勤奋的小太阳18a,05-23 09:57
400,1,城市化建设的服务模式,桀骜不驯的唯品会,05-23 08:43
210,0,这边有没有跌完暂时判断不出还要走几天，但是肯定没有这么快上去，2个月左右吧,N啤忠实铁粉,05-23 08:38
314,0,国信证券发布青岛啤酒研报，加大产品、销售模式创新力度，积极应对市场变化,青岛啤酒资讯,05-23 07:58
76,1,青岛啤酒:2025年5月20日股东会投资者关系活动记录,青岛啤酒资讯,05-23 03:33
171,0,欢呼收购好资产的多买点，拉起来,a王小花,05-23 03:45
161,0,求量没有，干砸,基民jRsgkQ,05-23 03:17
176,1,74.8的本拿了一个月天天跌，下周一割肉走人,耶耶168,05-23 03:04
224,5,77的本，今年只求解套,相互的韦香秀3,05-22 02:43
155,0,黑色星期五，真的够黑,她說77,05-23 02:37
156,0,已经没有量了历史高点,基民jRsgkQ,05-23 12:38
93,1,国信证券维持青岛啤酒优于大市评级 预计2025年净利润同比增长9.67%,公司研报提示,05-23 11:26
1777,0,加大产品、销售模式创新力度，积极应对市场变化,青岛啤酒资讯,05-23 11:26
160,1,今年还是7月份分红吗？,专业股民笨笨,05-23 11:11
120,0,分红在即,股友VRRdyg,05-23 10:25
104,0,禁酒对茅台影响最大,股友VRRdyg,05-23 10:19
96,1,光大证券维持青岛啤酒买入评级 预计2025年净利润同比增长11.53%,公司研报提示,05-23 08:15
8589,43,观酒周报｜新规要求党政机关公务接待不得供烟酒；茅台本轮回购已完成2/3；富邑集团换帅,贵州茅台资讯,05-19 08:51
64,0,青岛啤酒：融资净买入775.55万元，融资余额3.41亿元（05-22）,青岛啤酒资讯,05-23 07:35
46,0,青岛啤酒:2025年5月20日股东会投资者关系活动记录,青岛啤酒资讯,05-23 12:00
153,0,什么时候能涨到74,爱自己爱市场,05-22 10:04
176,3,9万解禁，现在大环境不好，肯定全卖了，还要跌5元,幽默得林诗音,05-22 02:40
106,0,LadyGaga也救不了你。。。,vjchris,05-22 09:05
133,2,为啥燕京和青岛反向,去nm的价值投资,05-22 05:28
106,0,现在是时候了，赶紧买,股友6W3l233571,05-22 08:19
461,11,如果我判断没错的话明天是一根中长阴按照我盘他3年的盘感来说,N啤忠实铁粉,05-21 01:43
103,0,跌破60开始建仓，这垃圾，被套了就得3年起步，解套遥遥无期,攒股退休,05-22 07:11
225,7,和洋河股份一个尿性。如果再能到73.9，就得割肉，换股！！今天最高点没跑，太可惜,愿赌服输188,05-21 02:54
78,0,青岛啤酒:青岛啤酒股份有限公司关于选举产生职工董事的公告,青岛啤酒资讯,05-22 03:44
81,0,好,经常站岗1,05-22 03:00
107,0,股权登记日是明天吗,有教养的蝶云语20,05-22 02:38
871,5,青岛啤酒9.5万股限制性股票解除限售条件达成,青岛啤酒资讯,05-20 08:53
170,3,马上世界杯了，夏天啤酒喝啤酒,山顶最凉快,05-22 09:52
119,2,唯一绿的啤酒了吧,山野人家1,05-22 02:05
146,0,资源巨兽，超级黑马1.今日头条上周五消息.中矿资源002738.24年出资50亿,股市好人yzw,05-22 02:08
87,0,板块拉伸翻红，这厮在出货下砸,来一份烤韭菜,05-22 01:37
106,0,本周是最后的逃生机会，下周惨无人寰,非著名耐心资本,05-22 10:49
81,0,昨天开会，看来形势不好！,东财网友7775513404851620,05-22 10:41
86,0,没人买是大家觉得太贵了，跌吧不到位没人买,天天梦多多,05-22 10:35
84,0,今天涨2个点也可以啊，马上过节了,pankey2019,05-22 10:22
73,0,垃圾,股友73Nl969703,05-22 10:04
79,0,过节了，不喝点啤酒？,pankey2019,05-22 09:59
508,0,【大摩：预计青岛啤酒2025年销售额增长3%，盈利增长8%】,凤凰网酒业,05-22 09:42
49,0,自由现金流毛估,查穷理,05-22 09:22
65,0,青岛啤酒：融资净偿还1231.82万元，融资余额3.33亿元（05-21）,青岛啤酒资讯,05-22 07:48
137,1,能不能把淄博和荣昌收购到青岛啤酒名下，归青岛市管辖呀！,北冥有鱼8888,05-21 09:05
87,0,不到80不卖！看你能咋滴！,解套奔光明111,05-22 06:55
254,4,准备全仓干进去了！！！就赌明年的世界杯，现在提前埋伏！！！,我是正能量导师,05-20 09:30
130,1,$青岛啤酒(SH600600)$,到3400准回调真准,05-21 08:08
542,8,【【】重磅研究】】】券商四月金股会金吗？？？？？？？？？？？？【【【AI诞生大,价值成长518,04-03 09:03
111,1,买燕京不喝青岛了,账户已注销,05-20 02:45
227,1,夏日炎炎，怎能缺少一杯啤酒。钟情我的啤酒鸡！,大红大紫Winson,05-21 10:29
116,0,用上等的酱油:海天酱油驰名在外的啤酒:青岛啤酒外加鲜美肉嫩的扇鸡:晓鸣股份。烹饪,大红大紫Winson,05-21 01:43
138,0,？？？？？？认真的吗？要啊！怪不得港股折价那么厉害…,vjchris,05-21 01:27
118,0,加不动了，先到75让我做个t好嘛，青啤,西红柿红啦,05-21 11:51
98,0,看了脑壳青疼，酒板块，涨停的涨停，新高的新高，你究竟要搞么事,股友0922569Ea1,05-21 10:58
431,1,有没有这可能,股友0922569Ea1,05-21 05:55
249,3,华创证券维持青岛啤酒强推评级 目标价90元,公司研报提示,05-21 06:46
88,0,始终不敢忘了尿啤。所以一直不敢买,坚决不碰sT股票,05-21 08:30
100,0,青岛啤酒成立生物科技有限公司,海阔天空839,05-21 08:27
89,0,有解禁股一般都是下跌,cj3699,05-21 08:17
64,0,青岛啤酒：融资净买入1319.83万元，融资余额3.46亿元（05-20）,青岛啤酒资讯,05-21 07:44
95,1,青岛啤酒:青岛啤酒股份有限公司关于A股限制性股票激励计划预留授予限制性股票第三个解除限售期解除限售条件成就的公告,青岛啤酒资讯,05-20 08:36
171,0,只要看到群里有人唱多，股吧里有人说买入吧，绝对发财。完了，十有八九还得掉头往下继,愿赌服输188,05-21 12:34
188,3,感觉72元是阶段性底部，又到了一年一度啤酒消费的旺季，搭配小龙虾，夏天吃喝是非常,广西南宁人o,05-21 12:27
366,3,今日进场先埋伏好，夏天到了迟早会有一波行情的，我对这货冲满信心,坚韧的叶恺10,05-20 11:02
375,0,青岛啤酒：第十一届董事会第一次会议决议公告,青岛啤酒资讯,05-20 09:41
254,0,青岛啤酒：5月20日召开董事会会议,青岛啤酒资讯,05-20 09:18
127,0,明天先跌三个点,经纶广进得孙悟空,05-20 09:06
126,0,有钱的上吧！北证的股都在月亮上！就是等26年世界杯！！！！！,我是正能量导师,05-20 08:50
56,0,青岛啤酒:北京市海问律师事务所关于青岛啤酒股份有限公司2024年年度股东会的法律意见书,青岛啤酒资讯,05-20 08:37
49,0,青岛啤酒:北京市海问律师事务所关于青岛啤酒股份有限公司A股限制性股票激励计划预留授予限制性股票第三个解除限售期解除限售相关事项的法律意见书,青岛啤酒资讯,05-20 08:37
71,0,青岛啤酒:青岛啤酒股份有限公司第十一届董事会第一次会议决议公告,青岛啤酒资讯,05-20 08:37
54,0,青岛啤酒:青岛啤酒股份有限公司股东会议事规则,青岛啤酒资讯,05-20 08:36
73,0,青岛啤酒:青岛啤酒股份有限公司2024年年度股东会决议公告,青岛啤酒资讯,05-20 08:36
46,0,青岛啤酒:青岛啤酒股份有限公司章程,青岛啤酒资讯,05-20 08:36
46,0,青岛啤酒:青岛啤酒股份有限公司董事会议事规则,青岛啤酒资讯,05-20 08:36
107,0,为啥一个像样的反弹都没有,控制回撤勿幻想,05-20 08:14
182,3,青岛啤酒:青岛啤酒股份有限公司关于召开2024年年度股东会的通知,青岛啤酒资讯,04-11 08:05
104,0,再往前推三年都是大涨。,中发小斗,05-20 06:31
108,0,港股3.2个点，A股0.7个点，真的是伤了我的心，77的本，能回本就卖,相互的韦香秀3,05-20 04:38
124,0,不知道买什么了，还是去散户多的地方酿酒板块，青岛今天先买20W，明天再买白酒五妹,基民jRsgkQ,05-20 04:16
142,4,这走势真恶心，看看港股多流畅,我得意的笑声6725,05-20 11:30
99,1,白酒不让喝改喝啤酒吧,去情感化操作,05-20 02:09
84,0,这股分红了吗,基民6u65922n59,05-20 02:42
104,1,买了这只股票真让人恶心。,正版超级马里奥,05-20 01:42
75,0,你就是,股友M3GOwU,05-20 02:20
81,0,尿啤是不是像苍蝇一样的让人恶心,股友M3GOwU,05-20 01:56
91,0,还是得掉下来，到不了站不稳73,愿赌服输188,05-20 01:43
206,0,【青岛啤酒】董事长交流要点（2025-5-20）,MT调研1,05-20 01:41
81,0,果然很很搞笑,股友M3GOwU,05-20 01:37
86,0,73，买入1500股标记。,自知者明知人者智,05-20 01:37
80,0,给燕京提鞋都不配，以后都选择燕京啤酒,股友M3GOwU,05-20 01:24
363,7,明天大会有利好.会大反弹.74元见,股友Z026591Y19,05-19 09:59
69,0,还是板块最垃圾,股友M3GOwU,05-20 01:19
84,1,视频说韩国人特爱喝青岛啤酒,LB顺其自然YY,05-20 11:04
132,1,几年前蜜雪冰城还没有上市的时候有个青岛人跟我吹，青岛有青岛啤酒，我说郑州有蜜雪冰,股友81P5g60010,05-20 11:21
104,1,还要跌不要急我盘他3年了什么N性我有感觉,N啤忠实铁粉,05-20 11:39
83,0,最近的行情青岛啤酒真的很恶心人,股友I50U750829,05-20 11:29
79,0,还不如ST股是不是有点说不过去？,股市哀人,05-20 11:18
93,1,又买在了半山腰,坚韧的叶恺10,05-20 10:11
74,0,尿啤不愧是尿啤,爽快之白蓝雪,05-20 10:09
84,1,买在最高点，卖在最低点,股友0912283vD9,05-20 09:40
63,0,青岛啤酒：融资净偿还100.03万元，融资余额3.32亿元（05-19）,青岛啤酒资讯,05-20 07:57
197,2,等了一个多月了，再次来到了击球区，看好青啤的品牌价值，已经远超其有形资产，也就是,弗兰克668,05-19 08:43
152,2,从今天开始我就不说任何反弹皆为卖点了，这种位置不用去卖了，但是也还没到买点，耐心,N啤忠实铁粉,05-19 10:16
114,1,痛风的朋友，请你来一杯啤酒！,天无边w,05-19 07:10
1877,6,精酿啤酒夏日之战关键词：国潮、内卷与破局者,重庆啤酒资讯,05-17 04:52
117,2,上个星期进的，进早了,西红柿红啦,05-19 02:28
157,2,明天有反弹，恭喜今天刚上车的朋友,非著名耐心资本,05-19 06:05
293,1,青岛啤酒：将于2025年05月20日召开2024年年度股东大会,青岛啤酒资讯,05-19 04:00
126,1,为什么每年最后一个季度都是亏损？,全自动挖掘金,05-19 03:47
1541,27,并购重组？！3.7亿！会稽山为何突然涨停？,大牛市操盘手,05-19 02:13
94,0,有毒吧,有自信的多雨心19,05-19 03:49
1303,7,青啤喝黄酒，会晕否？,青岛啤酒资讯,05-18 05:47
225,1,会稽山做黄酒的涨停了，金枫，古越龙山都涨2.，珠江啤酒，燕京，珠江，惠泉，重庆都,股友0922569Ea1,05-19 02:30
86,2,到底怎么回事，,我是红色小韭菜,05-19 01:45
87,0,这货没有底,基民75w07019c1,05-19 01:57
86,0,骂声一片开始抄底,起飞不跟,05-19 01:57
90,0,被燕京啤酒吊打，真惨,牛村火鸡钉子户,05-19 01:52
97,0,这一波能到70以下就可以抄底了,贝贝玫瑰,05-19 01:29
88,0,这货到底怎么了，哪来的筹码天天砸,股友9528e90Y95,05-19 01:11
80,0,回踩255线了,融中资本,05-19 01:09
97,0,等待中,zjg扬,05-19 11:53
92,0,啊,翻滚吧新仔,05-19 11:34
101,0,天天阴跌，和啤酒板块背道而驰，意欲何为？这些主力吃香太难看！！！,汉克JS,05-19 11:18
87,0,那天回本没有卖想捡两个，现在倒亏两元多一股了,股友yBolXE,05-19 10:54
171,3,杠上了,利润当本金,05-16 09:44
73,0,大砂比，继续跌狠一些,股友M3GOwU,05-19 10:12
81,0,好不了了,股友9108W3R666,05-19 09:57
88,0,天天小阴跌，，没完了是吧,直接起飞了,05-19 09:48
94,0,青啤变黄尿！,东财网友7775513404851620,05-19 09:48
82,0,上↑,无畏的华子轩,05-19 09:43
70,0,还没到时候。,stalkerwang,05-19 09:39
76,2,！天天跌！,知识的严昊凌,05-19 09:32
67,0,这股上涨的可能性在哪？,成都小明,05-19 09:33
73,0,中阴，招待了喝酒,聶焱犇,05-19 09:28
65,0,尿啤居然还没退市？,蝴蝶拍拍熊,05-19 09:26
67,0,本草可乐有市场/无酒招待,琴屿骠櫈,05-19 09:10
100,0,青岛尿啤有点骚………,聪明的果爸,05-19 06:27
3856,2,中美瑞士谈判后A股市场将如何演绎？投资主线有哪些？十大券商策略来了,金山办公资讯,05-18 09:12
1037,0,提升品牌形象 贡献专业力量（中国品牌日）,农业银行资讯,05-19 05:44
212,1,73.56感谢主力放我粗来,翻滚吧新仔,05-18 09:39
256,1,把筹码都交出来,股友1581NF5777,05-17 01:44
274,1,黎明前的黑暗,江南未寒79,05-17 03:08
195,2,要求不高,zjg扬,05-18 04:10
421,2,巴菲特大举增持啤酒股，你们看着办吧,股友N7erri,05-17 06:11
217,1,中央气象台预计，今天到21日，黄淮中西部、河北南部、关中盆地等地部分地区将出现高,风轻云淡63768,05-18 03:25
167,0,这玩意就没涨停过啊,今天小太阳,05-18 04:42
93,0,青岛啤酒本周融资净买入3475.02万元，居酿酒行业板块第一,大眼看两融,05-18 03:09
125,2,青岛啤酒：融资净买入981.36万元，融资余额3.33亿元（05-16）,青岛啤酒资讯,05-17 07:50
280,3,国泰海通维持青岛啤酒增持评级 目标价92.3元,公司研报提示,05-16 08:59
297,1,周一食品饮料调整到位.开启大涨.74元见,股友Z026591Y19,05-17 07:20
621,10,还没见底，不要急，我盘他3年了,N啤忠实铁粉,05-16 09:10
8824,33,酒业迈入降本增效周期：三大啤酒企业去年减员超千人 白酒公司高管集体降薪,华润啤酒资讯,05-10 09:07
277,2,兄弟们，我77.8的本，今年还能解套么？,相互的韦香秀3,05-17 10:43
257,0,每天都不停的下探，非常不妙啊。我的成本也不是很高，但是感觉山东的股票，青岛啤酒，,愿赌服输188,05-16 08:46
244,1,为什么比关税4月7日还低，为什么走的没有燕京珠江好，市盈率比那两货还低，就是要散,基民jRsgkQ,05-16 05:11
180,0,真垃圾东西！,雾里看花客,05-16 06:48
226,3,港股好歹还涨了一个点，为啥你天天新低？,相互的韦香秀3,05-16 12:31
138,0,山东没好票，全是坑,目标一百万,05-16 10:33
176,0,苦涩的啤酒,堪破痴迷,05-16 03:41
180,0,港股红两个多点，你竟然还绿近一个点，到底是为啥？,相互的韦香秀3,05-16 03:29
178,0,棕啤即将横空出世,东方可燃冰,05-16 02:58
262,0,好啊，月线年线全部跌破了，开始加速向下寻底了！,哆啦A梦来炒股,05-16 02:51
159,0,阴跌真勾啊,股友hnOSvz,05-16 02:45
162,0,天气热了，该喝啤酒了,股友2c96553v65,05-16 02:42
154,0,都是小单在出货,有礼貌的兰津4,05-16 02:36
272,10,74.4的成本，感觉是天花板了,成都小明,05-16 09:39
149,0,抄底吧，钱会加倍,穷人的孩子早出家1,05-16 02:25
897,3,抄底青岛啤酒的时机到了！坐等财富爆发,满仓组合,05-15 10:10
156,0,估计又让人撒上niao了,股友dUG7ej,05-16 02:10
207,0,伯克希尔本季度最大的买入是啤酒制造商星座品牌公司（ConstellationBr,什么位置上下车,05-16 02:07
155,0,五穷六绝七翻身,stalkerwang,05-16 01:59
179,1,饮料收了，黄酒收了，啥时候把青食饼干收了,拉几饼干,05-16 11:56
160,0,2月打压吸筹，3月拉升，4月出货,股友9959DM7599,05-16 12:57
17553,1,青啤6.6亿“喝”黄酒，能否酿出“第二春”？,酒周志,05-15 09:58
128,1,还得继续跌下去，无止尽。山东的股票不能碰，再去看看玲珑轮胎，一个熊样,愿赌服输188,05-16 09:43
493,10,80到82块的时候反复提醒任何反弹皆为卖点需要调整时间约为1个月,N啤忠实铁粉,04-29 09:42
1066,4,青岛啤酒营收下滑，净利润明显“失速”！高端化战略遇阻，6.6亿收购黄酒能否破局？,青岛啤酒资讯,05-15 05:17
156,0,等待重回3400,相思先生,05-16 11:25
158,2,慌什么？跌了你就买！涨了你就卖！套了你就拿！,一梦照大千,05-16 10:53
154,1,连跌6周，触目惊心,慌个啥,05-16 11:04
142,0,违背精神,股友M3GOwU,05-16 11:13
1203,24,钱加倍说的跌五个点倒是有可能预言成真。也有可能是拉高出货的局,穷人的孩子早出家1,05-14 01:57
133,0,干到你倒闭,股友M3GOwU,05-16 10:53
124,0,这是要奔着65的缺口去？,支持中医药,05-16 10:30
119,0,啥情况呀,股友TW6bi4,05-16 10:28
110,0,我在70等你,小仙气,05-16 10:27
114,0,但凡有推荐票，这个票就好不了,起飞不跟,05-16 10:23
117,0,哪推荐这个票了吧。。,起飞不跟,05-16 10:23
94,0,也就这点能耐？,股友M3GOwU,05-16 10:13
81,1,青岛啤酒：融资净买入2122.87万元，融资余额3.24亿元（05-15）,青岛啤酒资讯,05-16 07:33
89,0,大，再跌凶一点,股友M3GOwU,05-16 10:08
82,0,来两个跌停，一步跌到位。,有同情心之钢铁侠,05-16 09:52
62,0,青黄不接，收购残败！,东财网友7775513404851620,05-16 09:32
66,0,跌停,股友13310ZM713,05-16 09:28
77,0,青啤+黄酒，青黄不接了，哈哈哈,相思先生,05-16 09:25
83,0,今天反弹.74元见,股友Z026591Y19,05-16 08:54
75,0,垃圾股长期,资事邦,05-16 08:22
163,0,这个礼拜按兵不动吧，换手就被吸掉了,股友h1d0780776,05-15 11:37
3514,7,早新闻｜连续六个月，央行增持黄金！,永贵电器资讯,05-08 08:54
127,0,今天买了，明天如果有机会，就跑。感觉不妙,愿赌服输188,05-15 10:27
111,0,你没感觉到这是故意拉高出货吗？,穷人的孩子早出家1,05-15 09:46
145,0,那次出去不是喝青岛啤酒，就这知名度，这个品牌，这在美国市值最少一万亿，买，坚定持,远看像条狗,05-15 09:38
851,2,相比，华润啤酒在贵州、四川、安徽、辽宁、江苏、吉林、黑龙江、青海、天津和浙江等1,股友F07822u225,03-29 08:01
127,1,收购正确与否股价说明一切。愚蠢的决定！,正版超级马里奥,05-15 07:25
112,0,放量大跌，散户亏得倾家荡产，沿街乞讨,ST预警,05-15 06:58
96,1,千万不要买，已经买了的多放两年,股友M3GOwU,05-15 10:52
109,1,最少还有十个点的跌幅，千万不能买,股友M3GOwU,05-15 10:26
109,0,夏天到了，买点青岛，嘿嘿,东东将军,05-15 04:30
136,2,同样是啤酒，你怎么这么拉胯,知识的严昊凌,05-15 03:04
594,3,青岛啤酒：2024年收入321亿，净利润43亿，公司史上最高的利润,宝哥说市,05-15 10:52
95,0,7月见～,非著名耐心资本,05-15 02:53
105,0,完du子了，板块快倒数第一了，没救了，下跌趋势改变不了,愿赌服输188,05-15 02:51
106,2,天气暖和了，到了喝啤酒的季节了。,支持中医药,05-15 02:34
83,0,哦豁！！,西村老男孩,05-15 02:36
90,0,买了一百股看看怎么个事,小志巴巴,05-15 02:27
88,0,回本的路上，愈来愈远,谦虚谨慎的姚晋,05-15 02:25
83,0,继续,股友M3GOwU,05-15 02:47
100,1,岛子这是咋了？,兴奋的爱莱塔,05-15 02:05
78,0,73.6跑了牛,超级宝贝儿2024,05-15 02:15
90,0,不装了终于开始了盘了你3年了继续表演我等待出手中,N啤忠实铁粉,05-15 02:09
88,0,标准A杀,梅里雪椰树,05-15 01:43
97,1,嘛的，没完没了的跌,爱自己爱市场,05-15 01:18
90,0,黎明前的黑暗,基民6tXVBH,05-15 01:27
92,0,昨天的拉升还真是为了出货,虚实相生,05-15 01:22
77,0,今天咋的了,股友yBolXE,05-15 01:12
81,0,等待70全仓杀入,股友10K96339f0,05-15 01:04
85,0,70在向你招手,小仙气,05-15 12:27
89,0,收购骚操作，完球了！坑爹货,东财网友7775513404851620,05-15 12:22
84,0,多调整一些，我要进,丫凤凰,05-15 12:03
76,0,每降五个点补一些,股友M3GOwU,05-15 10:57
73,0,继续，不要怂哦,股友M3GOwU,05-15 10:56
74,0,再多降几个点爽爽呢,股友M3GOwU,05-15 10:56
96,3,学学你大哥燕京,股友M3GOwU,05-15 10:16
1396,2,青岛啤酒回应收购即墨黄酒原因：丰富产品线、与啤酒形成销售互补,青岛啤酒资讯,05-15 08:51
68,0,红起来,股友M3GOwU,05-15 10:14
77,0,关门了，朋友们,梅里雪椰树,05-15 10:00
1282,21,今天下午的涨和一个人有关,股友u308H16397,05-14 01:13
85,1,青岛啤酒:2025年5月12日投资者关系活动记录,青岛啤酒资讯,05-14 03:33
856,13,钱加倍,小白飞马,05-14 01:08
105,1,今天可能涨停,股友Z026591Y19,05-15 08:32
75,0,今天涨停不是梦...,股友Z026591Y19,05-15 08:51
88,0,昨天打了个底仓，希望今天有正反馈,又菜又怂又爱玩,05-15 08:13
61,0,青岛啤酒：融资净偿还112.59万元，融资余额3.02亿元（05-14）,青岛啤酒资讯,05-15 07:56
257,5,74.4新韭菜，是不是买高了？,成都小明,05-14 02:48
130,0,啤酒我只喝青啤，中国的，世界的，哈哈,相思先生,05-14 03:44
58963,58,“南北船”合并更进一步 本周披露并购重组进展的A股名单一览,中国船舶资讯,05-10 05:59
105,0,白酒这么给力，你又害怕了,股友I50U750829,05-14 03:01
102,1,要买也买港股的,眼力定力魄力,05-14 10:54
83,0,兄弟不争馒头争口气,一只健康的长命龟,05-14 02:47
88,0,真的是狗,股友1517Po6032,05-14 02:42
90,1,又拉高出货吗,虚实相生,05-14 02:10
256,3,不要补仓，还有5到10个点的下跌空间,N啤忠实铁粉,05-14 10:19
76,0,我还没回本呢,谦虚谨慎的姚晋,05-14 01:43
76,0,了吗主力你不是要砸到60的嘛不是你风格嘛,迷迷糊糊111,05-14 01:42
81,0,废了还不如泸州老窖,超级宝贝儿2024,05-14 01:41
82,0,19.01X0.62二11.78一11.42=0.36元差价，,市场踏浪者,05-14 01:33
104,0,现在机构就是压着股价，让小散户不敢接，目的很明确。就连做t+0都不给你做。,掌握梦想43,05-14 01:27
109,1,啤酒！！重要的事情说三遍！大爷喜欢喝啤酒！,超级宝贝儿2024,05-14 01:07
123,0,看看能拉升到啥程度,股友Q65n993103,05-14 01:13
44,0,上车，滴滴,什么是底,05-14 01:06
92,0,啥时候分红呢？？？各位大神,基民70Nlom,05-14 12:36
100,0,差不多了这个位置提前潜伏暑假包括旅游,超级宝贝儿2024,05-14 11:20
77,0,大，加油跌啊,股友M3GOwU,05-14 10:58
98,1,要涨个五个点回本呢,股友yBolXE,05-14 10:35
78,0,这东西，怎么老跌，也不让人爽一下,爱自己爱市场,05-14 10:47
86,0,你这邋，急是亏损了几十亿？废材，，去，斯，，,我是正能量导师,05-14 10:26
78,0,非，，物！！！！去，，斯，！！！,我是正能量导师,05-14 10:14
68,0,进入温水煮青蛙模式,慌个啥,05-14 09:57
76,0,买了以后，从来没涨过，真垃圾,随风无垠,05-14 09:51
75,0,看走势，青啤系列收购是一些不好的措施,东财网友7775513404851620,05-14 09:49
66,0,跌起来第一，补涨我它被任何关系，牛,气宇轩昂的朱子轩,05-14 09:38
64,0,终于站到了60日线下,stalkerwang,05-14 09:35
65,0,微涨一天，大跌四天,目标一百万,05-14 09:32
67,0,青岛啤酒：融资净买入3.69万元，融资余额3.03亿元（05-13）,青岛啤酒资讯,05-14 07:38
136,2,50多才有购买的价值,susan的波段,05-13 07:31
44,0,青岛啤酒:2025年5月12日投资者关系活动记录,青岛啤酒资讯,05-14 12:00
549,1,青岛啤酒收购黄酒企业 多元化布局转向生态化竞争,青岛啤酒资讯,05-13 08:47
352,2,拓展非啤酒业务，青岛啤酒收购即墨黄酒,青岛啤酒资讯,05-08 03:44
113,0,请问您是窜稀了吗？,英俊潇洒的蒋锦鹏,05-13 08:59
111,1,别跌了，跌好几天了,谦虚谨慎的姚晋,05-13 04:31
96,1,急降，缓拉，总体是下降趋势。,股股如人生,05-13 02:20
138,2,明天会不会和2025.1.21一样，来一根大绿棒子,股友9959DM7599,05-13 03:58
934,0,观酒｜主业增长乏力布局饮料等外业，啤酒公司能做好副业吗？,青岛啤酒资讯,05-13 05:22
74,0,青岛啤酒:青岛啤酒股份有限公司2024年年度股东会会议资料,青岛啤酒资讯,05-13 03:53
253,0,从5万到100万 第12天 329,复光年,05-13 03:14
90,0,熬到死,股友M3GOwU,05-13 02:48
95,0,来几天试试，实在太肉了，平仓走了，你继续玩睡眠吧,五线下不碰,05-13 02:19
91,0,耽误时间，浪费人事,东财网友7775513404851620,05-13 01:55
85,0,估计没戏了不会红了,股友9108W3R666,05-13 01:40
90,0,纹丝不动的绝世好股,nestawudi,05-13 01:31
252,3,重大利好！贸易战成功谈拢，这对于A股来说无疑是一颗强力定心丸，明日大概率会迎来大,忠心耿耿的风吟,05-12 04:32
261,9,明日中长阴,N啤忠实铁粉,05-12 11:02
87,0,翻红立马把你清了，拉几。,一割九涨,05-13 11:35
90,0,75的本闹挺,股友73Nl969703,05-13 11:02
208,0,青岛啤酒目前属于下跌阶段，逾期能跌倒70以下，如果有大资金看上了，也会等到70以,股友958D1X3301,05-13 10:36
83,0,尿啤,选支好股票,05-13 10:35
82,0,下沉状态了,股友662i8N1726,05-13 10:28
91,0,阴跌了，下沉模式了,股友662i8N1726,05-13 10:28
151,2,他收购那个黄酒会什么时候停牌停牌多久啊,股友ya73851756,05-13 09:43
84,0,天风证券推荐的没有一个好股票,慌个啥,05-13 10:25
87,0,向H股股价靠拢,慌个啥,05-13 10:06
86,0,真TM差劲,子承股业,05-13 09:57
625,13,从5万到100万 第5天 -559,复光年,04-29 06:13
107,0,2月份67.2买的尿啤，77走的，看样子，这次不跌掉70以下，是没大资金看上了。,股友958D1X3301,05-13 09:50
66,0,为什么天天高开低走,爱自己爱市场,05-13 09:42
2996,1,贵州茅台称上市公司无聘请代言人做营销的相关考虑；青岛啤酒称不排除对优质资产进行整合配置丨酒业早参,贵州茅台资讯,05-13 08:12
71,0,诶？为什么会流泪呢？青啤：加尿，我加了尿,相思先生,05-13 09:28
188,1,消费～重庆啤酒,iSnowballr,05-12 01:33
63,0,青岛啤酒：融资净买入479.69万元，融资余额3.03亿元（05-12）,青岛啤酒资讯,05-13 07:42
193,0,2024年，青岛啤酒实现营业收入321.38亿元，同比下降5.30%，减少了约1,AKKR,05-12 08:55
793,0,为啥收购即墨黄酒，饮料资产会装入上市公司吗？青岛啤酒回应了,青岛啤酒资讯,05-12 08:39
112,1,明天5%,sunlake1014,05-12 07:46
181,3,技术上明天应该是中阳。但是现在好像技术没啥用,白云丶丶,05-12 02:03
632,0,财报解读｜2024年啤酒业绩集体降速，场景化与多元化增长路线初现,华润啤酒资讯,05-12 06:15
105,0,疲软费劲，还得再跌一周吗,懂的不多de香豌豆,05-12 05:24
101,0,横在这边干嘛呢,斐然腾达,05-12 04:36
254,0,天风证券给予青岛啤酒买入评级，业绩稳健增长，成本红利加快兑现,青岛啤酒资讯,05-12 04:21
88,0,砸到67嘛你的习惯嘛,迷迷糊糊111,05-12 02:01
39,0,把你熬到死,股友M3GOwU,05-12 01:46
87,0,老模式,迷迷糊糊111,05-12 01:41
88,0,还是那帮人，演驿着同样的故事！,平和的游芝菲,05-12 01:27
81,0,每天的表演都是一样的,穷人的孩子早出家1,05-12 01:21
229,1,从5万到100万 第9天 -21,复光年,05-08 07:16
687,0,青岛千亿巨头，6亿买下黄酒厂,青岛啤酒资讯,05-12 12:23
99,1,单边下跌毫无波动就家都得亏钱割肉，这样砸有意思吗,股友MbG0vA,05-12 11:07
93,0,非，，，，物！！！！,我是正能量导师,05-12 11:14
83,0,还5月金股呢,慌个啥,05-12 10:56
82,0,7.5的目标,基民Y196v58793,05-12 10:49
76,0,破票,爱自己爱市场,05-12 10:45
105,1,来吧庄，我在里面了，不走了,nestawudi,05-12 10:25
83,0,目标82元？,东财网友7775513404851620,05-12 10:23
83,0,吗，你涨点啊卧槽了,独家记忆520,05-12 10:16
352,5,连续5天稳在60日线之上，看似安全，实则这是各位宝贝机构主力做出来给你看的，还没,N啤忠实铁粉,05-09 05:47
581,0,业绩稳健增长，成本红利加快兑现,青岛啤酒资讯,05-12 10:07
75,0,天风证券维持青岛啤酒买入评级 预计2025年净利润同比增长12.28%,公司研报提示,05-12 10:05
77,0,看的都想笑,股友M3GOwU,05-12 10:05
91,0,70以下可入。,股友W851l18398,05-12 09:51
60,0,什么玩意,巴中特233,05-12 09:37
69,0,不是神经病会这样玩吗,股友M3GOwU,05-12 09:37
73,0,不知不觉下跌14个交易日了,股友I50U750829,05-12 09:35
70,0,今日大盘无忧,慌个啥,05-12 08:01
116,1,青岛啤酒本周融资净买入4467.88万元，居酿酒行业板块第二,大眼看两融,05-11 03:09
79,1,青岛啤酒：融资净偿还32.61万元，融资余额2.99亿元（05-09）,青岛啤酒资讯,05-10 07:30
362,2,青岛热度上来了，周一满仓干,各种牛,05-10 08:12
240,0,属地青岛的股票明天会跌吗，建工爷叔会不会去青岛呢,薇薇卓然,05-11 07:39
8700,8,上证早知道｜中央结算公司宣布：减免；提振消费，广东发力；人形机器人运动会，来了,海南发展资讯,05-08 06:41
722,2,啤酒企业财报：高端化维持不变，即时零售提供增量，行业淡季逆袭,华润啤酒资讯,05-09 07:26
624,4,斥巨资布局黄酒赛道 青岛啤酒再度跨界并购,青岛啤酒资讯,05-08 10:03
383,7,81的本，啥时候能解套啊？,相互的韦香秀3,04-25 06:33
525,16,青岛啤酒:青岛啤酒股份有限公司关于收购山东即墨黄酒厂有限公司100%股权的公告,青岛啤酒资讯,05-07 06:15
322,2,青岛啤酒进军黄酒赛道 6.65亿元全资收购即墨黄酒,青岛啤酒资讯,05-09 03:45
175,0,古话说得好，投资不过那啥关,目标一百万,05-09 01:34
1357,3,截至2025年5月9日，食品饮料行业市值超1000亿的13家公司如下：,仙女逆势上涨,05-10 08:53
1124,2,中经酒业周报∣酒业10人获全国劳动模范和先进工作者表彰，米香型白酒新国标明年5月1日实施,泸州老窖资讯,05-09 05:56
381,0,2025年一季报点评：25Q1销量实现稳健增长，期待旺季表现,青岛啤酒资讯,05-09 10:08
2890,2,茅台文旅官宣代言人；青岛啤酒拟6.65亿元收购即墨黄酒100%股权丨酒业早参,贵州茅台资讯,05-08 09:47
2652,1,超级品牌概念涨0.19%，主力资金净流入这些股,比亚迪资讯,05-09 05:06
45,0,碎片化(∇),善良的大龙哥,05-09 04:22
522,2,主业下滑，青岛啤酒豪掷6.7亿元图跨界，溢价收购即墨黄酒,青岛啤酒资讯,05-09 12:19
193,0,连跌5周，触目惊心,慌个啥,05-09 03:02
654,0,青岛啤酒销量两年滑坡，去年中高端产品增速放缓，加码黄酒“补血”前景待考,证券之星,05-09 02:54
1928,10,青岛啤酒6.65亿元“跨界”收购即墨老酒 会是一笔好生意吗？,青岛啤酒资讯,05-09 10:07
166,0,废了,迷迷糊糊111,05-09 02:44
191,1,青岛啤酒估计要跌到70以下了,股友958D1X3301,05-09 02:18
266,6,我的成本68，在80.98清仓。,股友6Tq11t,04-16 08:23
166,0,五日线压死了,相互的韦香秀3,05-09 01:23
127,2,天天绿，什么股能这么牛，到底谁在抛,气宇轩昂的朱子轩,05-09 09:37
166,0,已连跌4周,慌个啥,05-09 11:43
176,0,基本止跌企稳，下周反攻,慌个啥,05-09 11:41
180,1,青啤我在72.4以下等你,股友3T8392075v,05-09 10:54
500,0,青岛啤酒拟6.65亿元收购即墨黄酒：黄酒板块集体飘红，行业整合大幕拉开,青岛啤酒资讯,05-09 10:59
142,0,赶紧的要到60,迷迷糊糊111,05-09 10:38
141,0,岛，答应我，别涨了好嘛，我下车了,巴中特233,05-09 10:12
133,0,不要紧继续跌好了，等我软件股里赚1倍再来大量买,股友MbG0vA,05-09 10:12
109,0,渌帽子戴好，你行的！,西村老男孩,05-09 10:02
83,0,，果然不错,目标一百万,05-09 09:35
78,0,真特妈打一手烂牌！,东财网友7775513404851620,05-09 09:32
76,0,猜到这个会怎么表演的,股友M3GOwU,05-09 09:31
72,0,业绩好↑,易拉升,05-09 09:21
247,2,美股啤酒概念爆了，明天该青啤大涨一波了,目标一百万,05-08 09:54
278,8,78的全仓，啥时候能解套啊,股友Z20581x033,05-08 12:45
394,1,收购即墨黄酒，黄酒和饮料赛道能否让青岛啤酒突破瓶颈期？,青岛啤酒资讯,05-08 09:36
1033,2,寻觅“举杯”新场景 啤酒企业双重压力下的销量困局,百威亚太资讯,05-08 07:17
53,0,青岛啤酒：连续3日融资净买入累计4500.49万元（05-08）,青岛啤酒资讯,05-09 07:46
168,0,一年之内把你成本做成负数,北冥有鱼8888,05-09 12:52
219,3,一个多月前最高纪录亏损到8K，好像我很慌一样,hhr2188,03-27 10:18
2720,6,酒业迈入降本增效周期：三大啤酒企业去年减员超千人，白酒公司高管集体降薪｜酒业财报观察,贵州茅台资讯,05-08 08:33
105,0,到底谁在抛,气宇轩昂的朱子轩,05-08 08:20
795,2,青岛啤酒6.7亿收购即墨黄酒：标的资产负债率远超同行,青岛啤酒资讯,05-08 12:29
101,1,长江证券维持青岛啤酒买入评级 预计2025年净利润同比增长15.51%,公司研报提示,05-08 04:39
279,0,#就市论市#【青岛啤酒：看好黄酒市场收购有利公司在啤酒消费淡季增加收入和利润】5月7日，青岛啤酒股份有限公司发布公告称，拟从新华锦集团和鲁锦集团处受让其合计持有的即墨黄酒100%股权。收购是出于何,热点追击,05-08 04:01
101,0,买了你真是悲催,飞快的沈亦寒4,05-08 02:58
96,0,明天继续坑爹？,东财网友7775513404851620,05-08 02:48
86,0,绝大部分都红了3天了，你居然绿了3天,股友I50U750829,05-08 02:33
27177,9,百亿医美概念股控股股东因涉嫌内幕交易被立案|盘后公告集锦,昊海生科资讯,05-07 08:54
475,1,6.65亿元收购即墨黄酒，青岛啤酒首度进军黄酒赛道,青岛啤酒资讯,05-08 12:56
342,5,我去！今天被3000多手的大单砸的吓出去了。难道这就是命？,wilyhily,05-07 08:06
85,0,黄酒涨你继续不涨,慌个啥,05-08 01:05
1545,4,啤酒龙头拟进军黄酒赛道,青岛啤酒资讯,05-08 07:22
6027,6,公告精选丨吉利汽车：建议私有化极氪；日上集团：美国撤销越南部分钢制车轮范围调查,吉利汽车资讯,05-07 09:55
407,0,青岛啤酒成立生物科技新公司,青岛啤酒资讯,05-08 11:34
123,2,夏天喝啤酒的人多,易拉升,05-08 10:18
286,4,青岛啤酒成立生物科技公司 注册资本4.21亿元,青岛啤酒资讯,05-08 10:11
90,0,别冲动没到出手的时候,N啤忠实铁粉,05-08 10:51
93,0,什么时候分红这个,稳重的金惠3,05-08 10:36
245,0,青岛啤酒成立生物科技公司，注册资本4.21亿,青岛啤酒资讯,05-08 10:26
485,1,青岛啤酒出手，拟进军黄酒赛道,青岛啤酒资讯,05-08 08:48
82,0,赶快跌,爱自己爱市场,05-08 10:22
103,0,看来收购投资是个负面影响！别被战略扩张搞烂了！防止退市！,东财网友7775513404851620,05-08 10:13
86,0,青岛啤酒-沟通促信任 提质强信心 助力传递上市公司价值--青岛辖区上市公司投资者网上集体接待日暨2024年度业绩说明会【全景路演】,青岛啤酒,05-08 10:12
90,0,青岛啤酒估值高，黄酒估值低，这回怎么定位,一颗成精的韭菜,05-08 09:53
94,0,什么消息都是跌，真午,气宇轩昂的朱子轩,05-08 09:52
92,0,买了就没涨，后悔了,冬日暖阳578522,05-08 09:51
82,0,啥时候能红,股友75I697920q,05-08 09:47
81,0,要不是大盘还行你不得跌成？,不许牛逼罪,05-08 09:46
79,0,小散都卖了,股友M3GOwU,05-08 09:45
78,0,赶紧到60,股友M3GOwU,05-08 09:44
75,0,大,股友M3GOwU,05-08 09:43
77,0,咋回事啊这,股友Bu9Zdh,05-08 09:42
73,0,什么利好都带不动你了,股友I50U750829,05-08 09:40
63,0,你去把青岛食品也收购了吧,拉几饼干,05-08 09:24
206,2,过去一年进来的长线散户太多了！你们举个爪摸着脑袋说主力会给你们送钱吗？,羡若仙,05-08 02:40
386,1,青岛啤酒收购即墨黄酒战略解析一、交易概况与标的资产价值1.标的资产背景即墨黄酒成,Alpha股研所,05-08 06:49
74,0,今天反弹不是梦.75元见,股友Z026591Y19,05-08 08:47
197,1,明天买不进去了.这波至少5连板..,一日游玩家1121,05-08 01:50
1772,0,【中证十点半】贵州茅台披露回购进展；青岛啤酒拟收购即墨黄酒100%股权,贵州茅台资讯,05-07 10:34
737,6,青岛啤酒拟6.65亿元收购即墨黄酒100%股权,青岛啤酒资讯,05-07 06:42
50,0,青岛啤酒：融资净买入1754.41万元，融资余额2.9亿元（05-07）,青岛啤酒资讯,05-08 07:49
361,3,【青岛啤酒：拟收购即墨黄酒100%股权】,GPLP,05-07 09:12
158,2,明天必然还有下跌，立帖为证，请叫我雷锋,股友kjiihbb,03-26 12:48
418,3,啤酒最好只有水、大麦芽、啤酒花这三种，甚至都不用啤酒花,仙女座,05-04 02:12
1126,0,800亿巨头，出手！,青岛啤酒资讯,05-07 11:23
180,0,我今日在上海超市里，买了一听青岛啤酒，五块钱多好像，好喝,爱自己爱市场,05-07 10:17
664,1,刚收葡萄酒和威士忌，又瞄准黄酒！青岛啤酒拟收购即墨黄酒厂,青岛啤酒资讯,05-07 09:55
782,4,青岛啤酒拟收购山东即墨黄酒厂100%股权；永贵电器独立董事刘建被留置｜公告精选,青岛啤酒资讯,05-07 09:22
302,2,青岛啤酒“尝鲜”即墨黄酒 推动多元化发展,青岛啤酒资讯,05-07 09:03
331,2,进军黄酒界？青岛啤酒拟拿下即墨黄酒100%股权,青岛啤酒资讯,05-07 07:56
2095,20,青岛啤酒：拟收购山东即墨黄酒厂100%股权,青岛啤酒资讯,05-07 06:23
2928,1,5月7日晚间上市公司重大事项公告,会游泳的资本,05-07 08:10
473,4,青岛啤酒拟6.65亿收购即墨黄酒,青岛啤酒资讯,05-07 07:31
209,0,青岛啤酒：拟6.65亿元收购即墨黄酒100%股权,青岛啤酒资讯,05-07 09:02
134,0,散啤，散黄，散葡，三个塑料袋统一大地,琴屿骠櫈,05-07 09:00
220,0,多元化战略再迈新步伐 青岛啤酒宣布收购即墨黄酒厂100%股权,青岛啤酒资讯,05-07 08:39
203,6,77的本，啥时候能解套啊,飞快的沈亦寒4,05-07 11:47
179,0,青岛啤酒： 收购山东即墨黄酒厂有限公司100%股权,青岛啤酒资讯,05-07 08:34
144,2,重大资产重组管理办法,慌个啥,05-07 12:21
127,0,总体偏利好！有助于提升青岛啤酒品牌价值，丰富产品线，利用青岛啤酒的巨大销售网络也,股友N7erri,05-07 08:28
333,0,青岛啤酒收购即墨老酒100%股权 多元化能否打开增长空间？｜速读公告,青岛啤酒资讯,05-07 08:17
191,8,散户拼命看多中，继续空仓等待机会,N啤忠实铁粉,05-07 12:20
370,1,果然在洗盘吸筹,股友Q65n993103,05-07 08:04
68,1,国联民生维持青岛啤酒买入评级 预计2025年净利润同比增长9.28%,公司研报提示,05-07 05:04
433,3,青岛饮料集团无偿划入青岛啤酒，收购即墨黄酒，多元化发展，增加抗风险能力。,股友C33Z073716,05-07 07:36
132,1,明天高开涨停稳了,小韭菜注定被割,05-07 07:04
6662,3,晚间公告丨5月7日这些公告有看头,永贵电器资讯,05-07 06:48
198,0,青岛啤酒：拟收购即墨黄酒100%股权,青岛啤酒资讯,05-07 06:37
102,0,周四有望反包,慌个啥,05-07 03:52
146,1,青岛啤酒近期从一季报公布后逆大盘下跌，一季报也基本符合预期，真看不懂，难道和天气,南国红豆cl,05-07 02:43
102,1,目标价150，不够我再喝点,捂着眼睛炒股,05-07 02:53
95,1,我在七块钱等你,基民Y196v58793,05-07 12:28
185,3,五一啤酒销量如何？,豪放不羁的汤昭,05-06 05:30
105,0,日线、周线、月线均处于重要支撑点，光买不卖,慌个啥,05-07 11:53
93,0,最好做的股票70以下随便买,小小韭菜不怕割S,05-07 11:53
87,0,这，挂来挂去，,股友78US0Y,05-07 11:21
84,0,加尿到100,相思先生,05-07 11:16
81,0,加尿到100,相思先生,05-07 11:15
85,0,又发生尿事件了？,慌个啥,05-07 11:08
88,0,吃错药了吧！,西村老男孩,05-07 11:06
80,0,华西证券维持青岛啤酒买入评级 预计2025年净利润同比增长11.44%,公司研报提示,05-07 10:47
104,0,饮料集团并入青碑怎么没有反映！,东财网友7775513404851620,05-07 10:14
79,0,啤酒行业渐入佳季,慌个啥,05-07 09:57
76,0,低位，莫慌,慌个啥,05-07 09:55
376,0,区域失守、高端遇挫、海外暴跌，青岛啤酒为何卖不动了？,观潮商业,05-07 09:22
63,0,青岛啤酒：融资净买入1896.01万元，融资余额2.73亿元（05-06）,青岛啤酒资讯,05-07 07:32
10700,3,5月金股大数据出炉 电子蝉联15个月榜首 卖方称“交易事实而非预期”是第一原则,兆易创新资讯,05-06 06:20
146,2,散户亏得倾家荡产，沿街乞讨,ST预警,05-06 10:39
17978,9,5月份券商金股渐次登场 科技、消费等板块被看好,海大集团资讯,05-06 12:40
1407,0,啤酒厂商忙活一年却“增利难增收”，饮料化能否成为“第二增长曲线”？,青岛啤酒资讯,05-06 06:10
298,0,青岛啤酒:青岛啤酒股份有限公司关于参加2025年青岛辖区上市公司投资者网上集体接待日活动的公告,青岛啤酒资讯,05-06 03:33
121,0,东北证券维持青岛啤酒买入评级 目标价88.75元,公司研报提示,05-06 03:17
121,2,加油到100,相思先生,05-06 01:04
102,0,继续拙劣的表演,股友M3GOwU,05-06 01:28
120,1,再等等快涨停了,眉清目秀地苗人凤,05-06 11:32
116,1,手法很可爱喔,股友M3GOwU,05-06 10:51
1070,9,五一来青岛了，青岛啤酒嘎嘎牛逼！各种口味的果啤，15元/斤！买了！,山河四省韭菜,05-03 03:19
104,0,继续等待还没到我要出手的时候各位机构主力尽情表演,N啤忠实铁粉,05-06 10:36
81,0,……,股友M3GOwU,05-06 10:31
105,0,炒股永远都是风水轮流转，坚持就是胜利。,每天最新消息,05-06 07:44
224,1,明天能高开吗兄弟,股友kI63237319,05-05 05:36
69,0,青岛啤酒本周融资净买入1239.32万元，居酿酒行业板块第四,大眼看两融,05-05 03:04
811,0,青岛啤酒25Q1点评：成本红利兑现,青岛啤酒资讯,05-05 01:22
71,0,华安证券维持青岛啤酒买入评级 预计2025年净利润同比增长11.65%,公司研报提示,05-05 01:18
71,0,浙商证券维持青岛啤酒买入评级 预计2025年净利润同比增长10.17%,公司研报提示,05-05 11:45
469,1,点赞点赞点赞，青岛啤酒嘎嘎嘎嘎嘎嘎,n牛魔王w,05-03 06:59
1230,0,青岛啤酒2025年一季报点评：一季度实现开门红，全年增势可期,青岛啤酒资讯,05-03 06:37
436,1,85以上的永远解不了套主力真会玩,有自信的多雨心19,05-02 06:24
1368,0,点评报告：营收利润双增长，中高端及以上产品销量增速更高,青岛啤酒资讯,05-02 10:47
76,0,万联证券维持青岛啤酒增持评级 预计2025年净利润同比增长10.36%,公司研报提示,05-02 10:40
166,2,山东的票就是坑，自炒股以来，被山东的票坑了多次，每次都是大坑，以后再也不买山东的,目标一百万,04-30 10:06
514,4,我不小心走错了门，想喝一杯咋样。,n牛魔王w,04-30 11:40
422,0,持仓哪个,chf51,05-01 11:40
426,1,青岛啤酒，养生消暑，值得拥有,李总赢,05-01 06:44
81,0,青岛啤酒：融资净偿还375.56万元，融资余额2.54亿元（04-30）,青岛啤酒资讯,05-01 07:53
89,0,国盛证券维持青岛啤酒买入评级 预计2025年净利润同比增长10.7%,公司研报提示,05-01 07:30
1819,1,公司信息更新报告：修复销量优先，待旺季催化,青岛啤酒资讯,04-30 10:31
73,0,开源证券维持青岛啤酒增持(outperform)评级 预计2025年净利润同比增长17.31%,公司研报提示,05-01 12:22
302,0,开源证券给予青岛啤酒增持评级，修复销量优先，待旺季催化,青岛啤酒资讯,04-30 11:56
1139,9,毛利率继续下降，营收净利润连青岛啤酒都不如！,st牛哥大号,04-29 11:29
57,0,信达证券维持青岛啤酒买入评级 预计2025年净利润同比增长8.12%,公司研报提示,04-30 09:04
1224,0,成本红利，费率下降贡献利润,青岛啤酒资讯,04-30 09:04
812,2,青岛啤酒：2025年一季度净利润17.1亿元 同比增长7.08%,青岛啤酒资讯,04-30 03:23
644,1,太平洋给予青岛啤酒增持评级，青岛啤酒，近期获19份券商研报关注，目标均价涨幅12.27%,青岛啤酒资讯,04-30 04:25
409,1,中信证券维持青岛啤酒买入评级 目标价90元,公司研报提示,04-30 05:29
51,0,中国银河维持青岛啤酒推荐评级 预计2025年净利润同比增长11.83%,公司研报提示,04-30 05:26
1000,1,青岛啤酒：一季度业绩增长稳健，静待旺季修复,青岛啤酒资讯,04-30 02:59
347,2,美国关税对青岛啤酒影响还是挺大的,金鹏20190106,04-30 02:48
60,0,太平洋维持青岛啤酒增持评级 目标价81.19元,公司研报提示,04-30 02:59
271,1,哪个苟货在砸,西村老男孩,04-30 01:56
293,0,吃肉就在眼前，大口吃肉，干杯青啤。干就完了。,n牛魔王w,04-30 02:44
270,0,继续，种,股友M3GOwU,04-30 02:43
282,1,没有止跌哈在等等看看71到71.5能不能止跌,N啤忠实铁粉,04-30 02:11
316,0,所以说国内机构失去定价权纯粹是咎由自取，从它们建仓的那一刻起就变成了市场的大空头,顺势而为方为智,04-30 01:39
228,0,继续,股友M3GOwU,04-30 01:34
621,1,2025年第一季度业绩点评：盈利持续改善，关注旺季催化,青岛啤酒资讯,04-30 01:11
206,0,网吧，,我是正能量导师,04-30 01:16
147,0,……,股友380M8872x1,04-30 11:04
131,0,涨3毛都射给你,股友M3GOwU,04-30 10:35
127,0,我三十多等你,基民Y196v58793,04-30 10:31
101,0,就自己留着,股友M3GOwU,04-30 10:23
108,0,青岛渣屁早割肉早轻松,股友MbG0vA,04-30 10:09
81,0,今天补涨.78元见.,股友Z026591Y19,04-30 08:54
79,0,青岛啤酒：融资净买入1670.51万元，融资余额2.58亿元（04-29）,青岛啤酒资讯,04-30 07:39
282,3,业绩是盈利的，也没有利空，股价怎么跌成这样了，A股该怎么炒，太坑人了，怪不得人们,股友6W3l233571,04-29 01:38
152,0,等70。,股友W851l18398,04-29 11:46
177,0,明天要是大跌的话，节后再小跌一下是不是就可以企稳了。要是明天涨了，那不是就可以凉,懂的不多de香豌豆,04-29 11:45
111,0,咱俩一样，我也是成本78，但是没有满仓，等在跌一点补个仓做个t,股友6W3l233571,04-29 09:19
108,0,这华表奖一点作用没有吗？下次别浪费钱了。直接回购吧。,股神老韭菜,04-29 06:50
